Mean;Median;SD;Min;Max
58.26315789;57;30.36050451;9;99
